Name,Username,Password,Grade,ID Number,,Event Name,Category,Date,Hour(s)
Victor Alvizo,va25558,dragon123,Junior,1000,,Guitar_Club,Music,12/26/2020,2
,,,,,,Dinner,Eating,08/13/2020,18
,,,,,,FMSC,International_Aid,08/04/2020,3
,,,,,,FBLA,Art,10/10/2019,4
,,,,,,Nursing_Home,Community,07/31/2019,6
,,,,,,,,,
John Doe,johnDOE,jane123,Senior,1001,,Church,Culture,11/30/2019,2
,,,,,,Cleaning,Enviorment,02/02/2019,7
,,,,,,,,,
Vincet Jones,vinzy45,flavorDanger,Sophomore,1003,,Marshal,Protection,10/20/2020,2
,,,,,,Charity,Charity,09/28/2019,1
,,,,,,Building,Aid,03/23/2020,5
,,,,,,Donation,Aid,03/04/2020,3
,,,,,,,,,
Gerald Vegas,VegaG,ggBanks,Freshman,1004,,Farming,Enviorment,05/24/2018,7
,,,,,,National_Youth_Service,Service,03/07/2019,3
,,,,,,Charity_Run,Sport,05/22/2018,6
,,,,,,Parade,Organizer,02/01/2018,4
,,,,,,,,,
George Washington,First,President,Senior,1005,,Nursing_Home,Health,01/15/2020,3
,,,,,,Commanding_Army,Service,02/13/2020,3
,,,,,,Cutting_Tree,Enviorment,04/15/2019,2
,,,,,,Liberty,Freedom,07/04/2021,1
,,,,,,,,,
Albert Einstein,e=mc^2,smartguy123,Senior,1006,,Lobbying,Politics,07/14/2021,5
,,,,,,Pet_Care,Service,06/30/2018,3
,,,,,,Cutting_Trees,Enviorment,04/15/2018,2
,,,,,,Santa_Cosplay,Service,12/26/2017,5
,,,,,,Building_Schools,Serivce,08/26/2017,6
,,,,,,Garden,Health,08/19/2017,2
,,,,,,Teaching,Education,06/13/2017,3
,,,,,,Inventing,Science,05/20/2017,5
,,,,,,Nursing_Home,Health,05/12/2017,4
,,,,,,Tutor,Education,01/15/2017,3
,,,,,,,,,
Jason Mendella,jojo,password123,Sophomore,1007,,Army,Service,11/20/2018,4
,,,,,,,,,
Luis Santos,LABoy,lakers23,Freshman,1008,,Coaching,Sports,03/22/2017,5
,,,,,,Guitar_Teaching,Music,09/19/2017,11
,,,,,,,,,
Violet Cortez,Quartze,chocolate3,Junior,1009,,Cacus,Politics,02/02/2020,6
,,,,,,Mowing_Lawns,Service,01/10/2017,2
,,,,,,,,,
Sarah Banks,geebee,43$231,Junior,1010,,Army,Military,07/23/2018,7
,,,,,,International_Aid,Aid,01/09/2019,4
,,,,,,,,,
Keshi O'Donnel,keshi,musci123,Freshman,1011,,,,
